{
	"format_version": "1.21.11",
	"credit": "Aprox",
	"textures": {
		"1": "item/info_scorestack_serv"
	},
	"elements": [
		{
			"from": [-16, 0, 7],
			"to": [32, 26, 7],
			"rotation": {"angle": 0, "axis": "y", "origin": [8, 0, 7]},
			"faces": {
				"north": {"uv": [0, 0, 16, 16], "texture": "#1"},
				"east": {"uv": [1, 0, 2, 2], "texture": "#missing"},
				"south": {"uv": [0, 0, 16, 2], "texture": "#missing"},
				"west": {"uv": [0, 0, 15.875, 16], "texture": "#missing"},
				"up": {"uv": [0, 0, 16, 1], "texture": "#missing"},
				"down": {"uv": [0, 1, 16, 2], "texture": "#missing"}
			}
		}
	],
	"display": {
		"fixed": {
			"translation": [0, -16, 0],
			"scale": [4, 4, 4]
		}
	}
}