{
  "model": {
    "type": "minecraft:range_dispatch",
    "property": "minecraft:custom_model_data",
    "entries": [
      {
        "threshold": 2,
        "model": {
          "type": "minecraft:model",
          "model": "item/scorectack_sign"
        }
      },
      {
        "threshold": 1,
        "model": {
          "type": "minecraft:model",
          "model": "item/scorectack_logo"
        }
      }
    ],
    "fallback": {
      "type": "minecraft:model",
      "model": "minecraft:block/acacia_button"
    }
  },
  "oversized_in_gui": false
}